[{"key":"6/17/2019","value":3},{"key":"6/18/2019","value":1},{"key":"6/19/2019","value":3},{"key":"6/20/2019","value":3},{"key":"6/21/2019","value":5},{"key":"6/22/2019","value":1},{"key":"6/23/2019","value":3},{"key":"6/24/2019","value":1},{"key":"6/25/2019","value":1},{"key":"6/26/2019","value":4},{"key":"6/27/2019","value":5},{"key":"6/28/2019","value":4},{"key":"6/30/2019","value":1},{"key":"7/1/2019","value":2},{"key":"7/2/2019","value":5},{"key":"7/3/2019","value":3},{"key":"7/4/2019","value":1},{"key":"7/5/2019","value":4},{"key":"7/6/2019","value":4},{"key":"7/7/2019","value":4},{"key":"7/8/2019","value":4},{"key":"7/9/2019","value":5},{"key":"7/10/2019","value":2},{"key":"7/11/2019","value":6},{"key":"7/12/2019","value":2},{"key":"7/13/2019","value":3},{"key":"7/14/2019","value":2},{"key":"7/15/2019","value":2},{"key":"7/16/2019","value":1},{"key":"7/17/2019","value":5},{"key":"7/18/2019","value":1},{"key":"7/19/2019","value":4},{"key":"7/20/2019","value":4},{"key":"7/21/2019","value":3},{"key":"7/23/2019","value":4},{"key":"7/24/2019","value":4},{"key":"7/25/2019","value":2},{"key":"7/26/2019","value":4},{"key":"7/27/2019","value":2},{"key":"7/28/2019","value":1},{"key":"7/29/2019","value":4},{"key":"7/30/2019","value":4},{"key":"7/31/2019","value":3},{"key":"8/1/2019","value":2},{"key":"8/2/2019","value":4},{"key":"8/3/2019","value":5},{"key":"8/4/2019","value":4},{"key":"8/5/2019","value":3},{"key":"8/6/2019","value":3},{"key":"8/7/2019","value":3},{"key":"8/8/2019","value":4},{"key":"8/9/2019","value":1},{"key":"8/10/2019","value":2},{"key":"8/11/2019","value":3},{"key":"8/12/2019","value":2},{"key":"8/13/2019","value":3},{"key":"8/14/2019","value":1},{"key":"8/15/2019","value":3},{"key":"8/16/2019","value":2},{"key":"8/17/2019","value":4},{"key":"8/18/2019","value":4},{"key":"8/19/2019","value":2},{"key":"8/20/2019","value":1},{"key":"8/21/2019","value":1},{"key":"8/22/2019","value":2},{"key":"8/23/2019","value":4},{"key":"8/24/2019","value":4},{"key":"8/25/2019","value":3},{"key":"8/26/2019","value":3},{"key":"8/27/2019","value":4},{"key":"8/28/2019","value":2},{"key":"8/29/2019","value":2},{"key":"8/30/2019","value":3},{"key":"8/31/2019","value":1},{"key":"9/1/2019","value":3},{"key":"9/2/2019","value":4},{"key":"9/3/2019","value":1},{"key":"9/4/2019","value":2},{"key":"9/5/2019","value":2},{"key":"9/6/2019","value":1},{"key":"9/7/2019","value":1},{"key":"9/8/2019","value":1},{"key":"9/9/2019","value":4},{"key":"9/10/2019","value":2},{"key":"9/11/2019","value":2},{"key":"9/12/2019","value":5},{"key":"9/13/2019","value":5},{"key":"9/14/2019","value":1},{"key":"9/15/2019","value":3},{"key":"9/16/2019","value":2},{"key":"9/17/2019","value":5},{"key":"9/18/2019","value":2},{"key":"9/19/2019","value":3},{"key":"9/20/2019","value":1},{"key":"9/22/2019","value":1},{"key":"9/23/2019","value":5},{"key":"9/24/2019","value":4},{"key":"9/25/2019","value":3},{"key":"9/26/2019","value":3},{"key":"9/27/2019","value":2},{"key":"9/28/2019","value":4},{"key":"9/29/2019","value":1},{"key":"9/30/2019","value":5},{"key":"10/1/2019","value":4},{"key":"10/2/2019","value":5},{"key":"10/3/2019","value":6},{"key":"10/4/2019","value":6},{"key":"10/5/2019","value":1},{"key":"10/6/2019","value":9},{"key":"10/9/2019","value":2},{"key":"10/10/2019","value":6},{"key":"10/11/2019","value":1},{"key":"10/12/2019","value":3},{"key":"10/13/2019","value":5},{"key":"10/14/2019","value":4},{"key":"10/15/2019","value":1},{"key":"10/16/2019","value":3},{"key":"10/17/2019","value":3},{"key":"10/18/2019","value":5},{"key":"10/19/2019","value":4},{"key":"10/20/2019","value":2},{"key":"10/21/2019","value":2},{"key":"10/23/2019","value":4},{"key":"10/25/2019","value":5},{"key":"10/26/2019","value":1},{"key":"10/27/2019","value":1},{"key":"10/28/2019","value":3},{"key":"10/29/2019","value":3},{"key":"10/30/2019","value":2},{"key":"10/31/2019","value":2},{"key":"11/1/2019","value":2},{"key":"11/2/2019","value":1},{"key":"11/3/2019","value":4},{"key":"11/4/2019","value":5},{"key":"11/5/2019","value":5},{"key":"11/6/2019","value":3},{"key":"11/7/2019","value":1},{"key":"11/8/2019","value":1},{"key":"11/9/2019","value":3},{"key":"11/10/2019","value":4},{"key":"11/11/2019","value":3},{"key":"11/12/2019","value":2},{"key":"11/13/2019","value":2},{"key":"11/14/2019","value":3},{"key":"11/15/2019","value":4},{"key":"11/16/2019","value":2},{"key":"11/17/2019","value":4},{"key":"11/18/2019","value":4},{"key":"11/19/2019","value":7},{"key":"11/20/2019","value":2},{"key":"11/21/2019","value":1},{"key":"11/22/2019","value":4},{"key":"11/23/2019","value":2},{"key":"11/24/2019","value":1},{"key":"11/26/2019","value":1},{"key":"11/27/2019","value":2},{"key":"11/28/2019","value":2},{"key":"11/29/2019","value":3},{"key":"11/30/2019","value":2},{"key":"12/1/2019","value":3},{"key":"12/3/2019","value":4},{"key":"12/4/2019","value":1},{"key":"12/5/2019","value":4},{"key":"12/6/2019","value":4},{"key":"12/7/2019","value":4},{"key":"12/8/2019","value":2},{"key":"12/9/2019","value":2},{"key":"12/10/2019","value":2},{"key":"12/11/2019","value":1},{"key":"12/12/2019","value":2},{"key":"12/13/2019","value":3},{"key":"12/14/2019","value":4},{"key":"12/15/2019","value":3},{"key":"12/16/2019","value":6},{"key":"12/17/2019","value":5},{"key":"12/18/2019","value":6},{"key":"12/19/2019","value":5},{"key":"12/20/2019","value":1},{"key":"12/21/2019","value":3},{"key":"12/22/2019","value":2},{"key":"12/23/2019","value":3},{"key":"12/24/2019","value":1},{"key":"12/25/2019","value":4},{"key":"12/26/2019","value":2},{"key":"12/27/2019","value":2},{"key":"12/28/2019","value":4},{"key":"12/30/2019","value":4},{"key":"12/31/2019","value":3},{"key":"1/1/2020","value":2},{"key":"1/2/2020","value":2},{"key":"1/3/2020","value":2},{"key":"1/4/2020","value":2},{"key":"1/5/2020","value":1},{"key":"1/6/2020","value":3},{"key":"1/7/2020","value":2},{"key":"1/9/2020","value":1},{"key":"1/10/2020","value":3},{"key":"1/11/2020","value":3},{"key":"1/12/2020","value":6},{"key":"1/13/2020","value":2},{"key":"1/14/2020","value":2},{"key":"1/15/2020","value":2},{"key":"1/16/2020","value":3},{"key":"1/17/2020","value":2},{"key":"1/18/2020","value":3},{"key":"1/19/2020","value":1},{"key":"1/20/2020","value":4},{"key":"1/21/2020","value":2},{"key":"1/22/2020","value":2},{"key":"1/23/2020","value":5},{"key":"1/24/2020","value":4},{"key":"1/25/2020","value":1},{"key":"1/26/2020","value":3},{"key":"1/27/2020","value":2},{"key":"1/28/2020","value":1},{"key":"1/29/2020","value":1},{"key":"1/30/2020","value":1},{"key":"1/31/2020","value":3},{"key":"2/1/2020","value":2},{"key":"2/2/2020","value":2},{"key":"2/3/2020","value":1},{"key":"2/4/2020","value":3},{"key":"2/5/2020","value":3},{"key":"2/6/2020","value":2},{"key":"2/7/2020","value":2},{"key":"2/8/2020","value":4},{"key":"2/9/2020","value":3},{"key":"2/11/2020","value":1},{"key":"2/12/2020","value":1},{"key":"2/13/2020","value":3},{"key":"2/14/2020","value":5},{"key":"2/15/2020","value":2},{"key":"2/16/2020","value":1},{"key":"2/17/2020","value":1},{"key":"2/18/2020","value":5},{"key":"2/19/2020","value":2},{"key":"2/20/2020","value":3},{"key":"2/21/2020","value":5},{"key":"2/22/2020","value":2},{"key":"2/23/2020","value":3},{"key":"2/24/2020","value":3},{"key":"2/25/2020","value":3},{"key":"2/26/2020","value":2},{"key":"2/27/2020","value":2},{"key":"2/28/2020","value":2},{"key":"2/29/2020","value":1},{"key":"3/1/2020","value":3},{"key":"3/3/2020","value":3},{"key":"3/4/2020","value":1},{"key":"3/5/2020","value":4},{"key":"3/6/2020","value":4},{"key":"3/7/2020","value":8},{"key":"3/8/2020","value":5},{"key":"3/9/2020","value":4},{"key":"3/10/2020","value":2},{"key":"3/11/2020","value":3},{"key":"3/12/2020","value":2},{"key":"3/13/2020","value":2},{"key":"3/14/2020","value":2},{"key":"3/15/2020","value":5},{"key":"3/17/2020","value":4},{"key":"3/18/2020","value":3},{"key":"3/19/2020","value":2},{"key":"3/20/2020","value":3},{"key":"3/21/2020","value":6},{"key":"3/23/2020","value":3},{"key":"3/24/2020","value":2},{"key":"3/25/2020","value":1},{"key":"3/26/2020","value":4},{"key":"3/27/2020","value":1},{"key":"3/28/2020","value":4},{"key":"3/29/2020","value":1},{"key":"3/30/2020","value":5},{"key":"3/31/2020","value":5},{"key":"4/2/2020","value":2},{"key":"4/3/2020","value":3},{"key":"4/4/2020","value":7},{"key":"4/5/2020","value":2},{"key":"4/6/2020","value":1},{"key":"4/7/2020","value":4},{"key":"4/8/2020","value":4},{"key":"4/9/2020","value":3},{"key":"4/10/2020","value":2},{"key":"4/11/2020","value":1},{"key":"4/12/2020","value":3},{"key":"4/13/2020","value":3},{"key":"4/14/2020","value":2},{"key":"4/15/2020","value":2},{"key":"4/16/2020","value":1},{"key":"4/18/2020","value":2},{"key":"4/19/2020","value":3},{"key":"4/21/2020","value":2},{"key":"4/22/2020","value":4},{"key":"4/23/2020","value":3},{"key":"4/24/2020","value":5},{"key":"4/25/2020","value":2},{"key":"4/26/2020","value":1},{"key":"4/27/2020","value":1},{"key":"4/28/2020","value":1},{"key":"4/29/2020","value":2},{"key":"4/30/2020","value":2},{"key":"5/1/2020","value":4},{"key":"5/2/2020","value":3},{"key":"5/3/2020","value":1},{"key":"5/4/2020","value":3},{"key":"5/5/2020","value":2},{"key":"5/6/2020","value":3},{"key":"5/7/2020","value":4},{"key":"5/8/2020","value":3},{"key":"5/10/2020","value":3},{"key":"5/11/2020","value":3},{"key":"5/12/2020","value":3},{"key":"5/13/2020","value":4},{"key":"5/14/2020","value":4},{"key":"5/15/2020","value":1},{"key":"5/16/2020","value":3},{"key":"5/17/2020","value":5},{"key":"5/18/2020","value":4},{"key":"5/19/2020","value":2},{"key":"5/20/2020","value":8},{"key":"5/21/2020","value":5},{"key":"5/22/2020","value":2},{"key":"5/23/2020","value":4},{"key":"5/24/2020","value":3},{"key":"5/25/2020","value":2},{"key":"5/26/2020","value":2},{"key":"5/27/2020","value":6},{"key":"5/28/2020","value":4},{"key":"5/29/2020","value":2},{"key":"5/30/2020","value":6},{"key":"5/31/2020","value":5},{"key":"6/1/2020","value":1},{"key":"6/2/2020","value":2},{"key":"6/3/2020","value":7},{"key":"6/4/2020","value":5},{"key":"6/5/2020","value":1},{"key":"6/6/2020","value":4},{"key":"6/7/2020","value":3},{"key":"6/8/2020","value":2},{"key":"6/9/2020","value":4},{"key":"6/10/2020","value":4},{"key":"6/14/2020","value":3},{"key":"6/15/2020","value":2},{"key":"6/16/2020","value":2}]